sample_id	raw total sequences	filtered sequences	sequences	is sorted	1st fragments	last fragments	reads mapped	reads mapped and paired	reads unmapped	reads properly paired	reads paired	reads duplicated	reads MQ0	reads QC failed	non-primary alignments	total length	total first fragment length	total last fragment length	bases mapped	bases mapped (cigar)	bases trimmed	bases duplicated	mismatches	error rate	average length	average first fragment length	average last fragment length	maximum length	maximum first fragment length	maximum last fragment length	average quality	insert size average	insert size standard deviation	inward oriented pairs	outward oriented pairs	pairs with other orientation	pairs on different chromosomes	percentage of properly paired reads (%)	avg_depth	stdev_depth	num_ht_sites
NG-28050_2_10_lib499437_7584_3	6449643	0	6449643	1	3223727	3225916	5939060	5834240	510583	5789134	6315694	0	73178	0	341	973896093	486782777	487113316	896798060	895824837	0	0	17680625	1.973670e-02	151	151	151	151	151	151	35.6	390.8	119.8	2896264	12286	8570	0	89.8	308.5368792804016	124.79531990821762	882
NG-28050_2_11_lib499438_7584_3	6672594	0	6672594	1	3330671	3341923	6292734	6123986	379860	5935800	6499505	0	151175	0	327	1007561694	502931321	504630373	950202834	949603634	0	0	3497907	3.683544e-03	151	151	151	151	151	151	35.6	347.1	109.5	2957651	17743	86599	0	89.0	327.1484803896068	58.3176818404697	102
NG-28050_2_12_lib499439_7584_3	9121927	0	9121927	1	4555173	4566754	8484599	8380936	637328	8322294	8972595	0	118252	0	472	1377410977	687831123	689579854	1281174449	1279779707	0	0	25318740	1.978367e-02	151	151	151	151	151	151	35.7	357.5	107.4	4158291	18727	13450	0	91.2	440.77673025636506	157.88200198323074	710
NG-28050_2_13_lib499440_7584_1	3592720	0	3592720	1	1798352	1794368	3423023	3291566	169697	3250230	3455216	0	62606	0	175	542500720	271551152	270949568	516876473	515849990	0	0	2309229	4.476551e-03	151	151	151	151	151	151	35.7	243.8	66.4	1572032	55200	18551	0	90.5	177.70626733994368	63.927064660777795	225
NG-28050_2_15_lib499441_7584_3	5097629	0	5097629	1	2547539	2550090	4592998	4500848	504631	4471812	4975170	0	67677	0	289	769741979	384678389	385063590	693542698	692699675	0	0	13561307	1.957747e-02	151	151	151	151	151	151	35.8	334.7	98.6	2230323	14668	5433	0	87.7	238.5683115834355	103.15435859780983	901
NG-28050_2_16_lib499442_7584_3	7000489	0	7000489	1	3497926	3502563	6642572	6567464	357917	6526320	6903161	0	111848	0	401	1057073839	528186826	528887013	1003028372	1002185335	0	0	14840771	1.480841e-02	151	151	151	151	151	151	35.7	355.0	108.3	3258841	17666	7225	0	93.2	345.1837605968954	116.7954705666249	660
NG-28050_2_17_lib499443_7584_3	7326966	0	7326966	1	3660943	3666023	6741559	6655890	585407	6621020	7212823	0	88358	0	363	1106371866	552802393	553569473	1017975409	1016943863	0	0	19193618	1.887382e-02	151	151	151	151	151	151	35.7	373.3	117.1	3309915	12749	5281	0	90.4	350.2612233985928	126.70045049448744	657
NG-28050_2_18_1_lib499444_7584_3	7462493	0	7462493	1	3729078	3733415	7086063	7012550	376430	6969422	7363600	0	117341	0	490	1126836443	563090778	563745665	1069995513	1069091590	0	0	15821266	1.479879e-02	151	151	151	151	151	151	35.7	352.2	111.9	3479478	19529	7268	0	93.4	368.22860905961136	120.40134947997028	650
NG-28050_2_1_lib504952_7614_4	13812397	0	13812397	1	6894709	6917688	12653099	12547838	1159298	12450412	13613767	0	162208	0	706	2085671947	1041101059	1044570888	1910617949	1908230650	0	0	43033242	2.255138e-02	151	151	151	151	151	151	34.9	405.1	129.0	6234910	22691	16318	0	90.1	657.2050617046192	267.53095849246205	708
NG-28050_2_20_lib504953_7614_4	15026821	0	15026821	1	7500416	7526405	13780377	13687598	1246444	13589244	14835307	0	225445	0	657	2269049971	1132562816	1136487155	2080836927	2078140505	0	0	45775594	2.202719e-02	151	151	151	151	151	151	35.1	362.7	118.3	6787445	40077	16277	0	90.4	715.7309698586001	218.7427460919774	809
NG-28050_2_21_lib499446_7584_3	8640722	0	8640722	1	4317693	4323029	7963918	7874200	676804	7834290	8503917	0	143662	0	422	1304749022	651971643	652777379	1202551618	1201147430	0	0	23769867	1.978930e-02	151	151	151	151	151	151	35.8	323.7	96.0	3907779	24509	4812	0	90.7	413.68450044597654	152.33315502917844	872
NG-28050_2_22_lib499447_7584_3	8430370	0	8430370	1	4211833	4218537	7900134	7813528	530236	7769502	8306673	0	121464	0	462	1272985870	635986783	636999087	1192920234	1191391219	0	0	22891169	1.921381e-02	151	151	151	151	151	151	35.8	319.3	108.5	3861187	37315	8262	0	92.2	410.33116919581937	156.175323770745	796
NG-28050_2_23_lib499448_7584_3	8080758	0	8080758	1	4036089	4044669	7626960	7610074	453798	7589010	8059771	0	198672	0	323	1220194458	609449439	610745019	1151670960	1150801946	0	0	3291700	2.860353e-03	151	151	151	151	151	151	35.8	291.8	94.3	3745404	56506	3127	0	93.9	396.46398993460735	66.35297522037884	255
NG-28050_2_25_lib499449_7584_3	9774591	0	9774591	1	4886045	4888546	8477602	8295204	1296989	8131506	9523772	0	170647	0	587	1475963241	737792795	738170446	1280117902	1277732615	0	0	24839341	1.944017e-02	151	151	151	151	151	151	35.9	272.7	87.6	4002705	77239	67658	0	83.2	440.06765855250035	203.169752388843	1124
NG-28050_2_26_lib504954_7614_4	13796479	0	13796479	1	6891925	6904554	12530371	12439930	1266108	12359230	13620469	0	203775	0	754	2083268329	1040680675	1042587654	1892086021	1889688281	0	0	41104040	2.175176e-02	151	151	151	151	151	151	35.3	345.5	111.8	6167389	39433	13143	0	89.6	650.8325956661897	215.29049932880454	897
NG-28050_2_29_lib499451_7584_3	7481081	0	7481081	1	3736745	3744336	7088793	7032436	392288	6993056	7403122	0	118947	0	410	1129643231	564248495	565394736	1070407743	1068863602	0	0	15327214	1.433973e-02	151	151	151	151	151	151	35.9	266.6	81.3	3441522	71656	3040	0	93.5	368.1541080658536	125.91196486443728	679
NG-28050_2_2_lib499430_7584_3	6492003	0	6492003	1	3243296	3248707	5899569	5809302	592434	5782866	6368293	0	115895	0	293	980292453	489737696	490554757	890834919	889790600	0	0	16952014	1.905169e-02	151	151	151	151	151	151	35.8	316.8	94.1	2879941	20738	3972	0	89.1	306.45821032660507	83.73235064496276	771
NG-28050_2_30_lib499452_7584_3	6274470	0	6274470	1	3138018	3136452	5411564	5185736	862906	5085356	6012782	0	62983	0	359	947444970	473840718	473604252	817146164	815599243	0	0	15177554	1.860908e-02	151	151	151	151	151	151	35.8	266.6	81.4	2501475	47615	43778	0	81.0	280.9124091036405	105.22870631043824	608
NG-28050_2_31_lib499453_7584_3	6986436	0	6986436	1	3488368	3498068	6434101	6331668	552335	6290884	6856883	0	88444	0	343	1054951836	526743568	528208268	971549251	970553586	0	0	18755637	1.932468e-02	151	151	151	151	151	151	35.6	389.3	120.1	3145885	11402	8547	0	90.0	334.2752321265726	99.85216718334446	546
NG-28050_2_3_lib502120_7584_1	8067604	0	8067604	1	4031288	4036316	7514259	7408734	553345	7356842	7923863	0	134248	0	345	1218208204	608724488	609483716	1134653109	1133371829	0	0	23013019	2.030492e-02	151	151	151	151	151	151	35.5	376.1	112.3	3677455	16627	10285	0	91.2	390.3506502231261	110.7807147555966	706
NG-28050_2_41_lib499454_7584_2	7504066	0	7504066	1	3745934	3758132	6619279	6515212	884787	6474880	7339941	0	100713	0	353	1133113966	565636034	567477932	999511129	998366301	0	0	20499030	2.053257e-02	151	151	151	151	151	151	35.6	356.8	107.8	3234905	15451	7250	0	86.3	343.84625160932245	120.48402966675486	855
NG-28050_2_42_lib499455_7584_1	2665167	0	2665167	1	1334996	1330171	2430805	2369162	234362	2359342	2596826	0	56660	0	81	402440217	201584396	200855821	367051555	366612918	0	0	7531250	2.054278e-02	151	151	151	151	151	151	35.5	357.6	96.9	1177037	5592	1952	0	88.5	126.26884306896633	63.35192349690179	769
NG-28050_2_43_lib499456_7584_2	7820676	0	7820676	1	3904727	3915949	6984460	6870556	836216	6819540	7664206	0	90326	0	351	1180922076	589613777	591308299	1054653460	1053450492	0	0	21973229	2.085834e-02	151	151	151	151	151	151	35.4	417.4	132.6	3413044	13739	8495	0	87.2	362.8082976098482	144.64717778454823	751
NG-28050_2_44_lib499457_7584_2	10304780	0	10304780	1	5140215	5164565	10078551	10057862	226229	10029822	10278548	0	256143	0	470	1556021780	776172465	779849315	1521861201	1521313022	0	0	6114523	4.019240e-03	151	151	151	151	151	151	35.6	358.8	107.1	4999386	22296	7249	0	97.3	524.1078780921644	94.06496593094315	243
NG-28050_2_45_lib499458_7584_2	5840402	0	5840402	1	2918369	2922033	5226593	5004020	613809	4774224	5584368	0	82573	0	353	881900702	440673719	441226983	789215543	788158575	0	0	16689414	2.117520e-02	151	151	151	151	151	151	35.4	398.4	136.6	2388474	11327	102209	0	81.7	271.4525912632695	111.19092252654428	1108
NG-28050_2_46_lib499459_7584_2	8635292	0	8635292	1	4310206	4325086	7932530	7824196	702762	7774400	8485688	0	121710	0	382	1303929092	650841106	653087986	1197812030	1196438756	0	0	24633258	2.058882e-02	151	151	151	151	151	151	35.5	363.2	111.2	3884478	18998	8622	0	90.0	412.06829211825595	131.46498627178508	848
NG-28050_2_47_lib499460_7584_2	7381325	0	7381325	1	3687582	3693743	6641253	6357170	740072	5977096	7045005	0	72168	0	447	1114580075	556824882	557755193	1002829203	1001430603	0	0	19799990	1.977170e-02	151	151	151	151	151	151	35.6	374.9	169.0	2986540	18050	173995	0	81.0	344.9101542434608	133.97642731932916	569
NG-28050_2_48_lib499461_7584_2	7933537	0	7933537	1	3959405	3974132	7636971	7617936	296566	7600636	7913911	0	179934	0	304	1197964087	597870155	600093932	1153182621	1152758128	0	0	4605320	3.995045e-03	151	151	151	151	151	151	35.5	347.6	105.6	3787511	17789	3668	0	95.8	397.1383522949447	70.9267211164786	101
NG-28050_2_49_1_lib499462_7584_2	8315091	0	8315091	1	4150337	4164754	7891452	7817478	423639	7775584	8214880	0	125227	0	424	1255578741	626700887	628877854	1191609252	1190495624	0	0	18846264	1.583060e-02	151	151	151	151	151	151	35.4	327.9	96.3	3877035	25590	6114	0	93.5	410.04775342544093	119.72672013053217	594
NG-28050_2_49_2_lib499463_7584_2	8433610	0	8433610	1	4209293	4224317	8017750	7939466	415860	7888022	8327775	0	124686	0	386	1273475110	635603243	637871867	1210680250	1209631007	0	0	18857715	1.558964e-02	151	151	151	151	151	151	35.6	346.9	101.2	3938506	20942	10285	0	93.5	416.63772716984215	123.13125301529185	589
NG-28050_2_4_lib499432_7584_3	1853420	0	1853420	1	925280	928140	1649228	1601918	204192	1594286	1801904	0	23944	0	106	279866420	139717280	140149140	249033428	248697090	0	0	4648186	1.869015e-02	151	151	151	151	151	151	35.8	300.9	88.7	791449	8711	799	0	86.0	85.65648161195114	32.007918129811785	652
NG-28050_2_50_lib499464_7589_1	8092501	0	8092501	1	4046639	4045862	7908058	7716502	184443	7305578	7893225	0	227610	0	360	1221967651	611042489	610925162	1194116758	1193321452	0	0	5174067	4.335853e-03	151	151	151	151	151	151	35.4	386.0	131.4	3641586	21383	195282	0	90.3	411.10915728175144	121.61229252250668	262
NG-28050_2_51_lib499465_7584_2	7873939	0	7873939	1	3933040	3940899	7116398	6898332	757541	6604594	7606791	0	84159	0	450	1188964789	593889040	595075749	1074576098	1073118008	0	0	21943713	2.044855e-02	151	151	151	151	151	151	35.6	371.9	152.6	3300021	19894	129251	0	83.9	369.59685132633666	128.37501960485898	686
NG-28050_2_52_lib499466_7584_2	6289600	0	6289600	1	3144967	3144633	5634708	5376850	654892	5104158	5994646	0	37511	0	354	949729600	474890017	474839583	850840908	849575234	0	0	17623953	2.074443e-02	151	151	151	151	151	151	35.5	354.9	156.3	2547785	18289	122351	0	81.2	292.60777594303624	107.39218339028749	719
NG-28050_2_53_lib504955_7614_4	17279139	0	17279139	1	8626796	8652343	15364860	15288550	1914279	15199216	17088771	0	185674	0	850	2609149989	1302646196	1306503793	2320093860	2317440380	0	0	48056334	2.073682e-02	151	151	151	151	151	151	35.2	371.9	115.7	7597166	32020	15089	0	88.0	798.1894637222454	281.5670971640024	620
NG-28050_2_54_lib499468_7584_2	8118953	0	8118953	1	4052916	4066037	7662643	7573022	456310	7530206	8006999	0	85888	0	372	1225961903	611990316	613971587	1157059093	1155859937	0	0	22633357	1.958140e-02	151	151	151	151	151	151	35.5	385.4	117.0	3766026	13396	7089	0	92.7	398.1076658700298	149.64010187126038	640
NG-28050_2_56_lib499469_7584_2	7571471	0	7571471	1	3779334	3792137	7106877	7023688	464594	6974180	7465094	0	105737	0	316	1143292121	570679434	572612687	1073138427	1072257511	0	0	17057838	1.590834e-02	151	151	151	151	151	151	35.4	426.3	131.6	3491114	12242	8488	0	92.1	369.3179676698871	118.76016713837619	873
NG-28050_2_57_lib499470_7584_2	6657655	0	6657655	1	3324692	3332963	6078537	5987524	579118	5957126	6541538	0	78880	0	283	1005305905	502028492	503277413	917859087	916887180	0	0	18041736	1.967716e-02	151	151	151	151	151	151	35.5	378.1	112.9	2977841	11475	4446	0	89.5	315.79950727257005	107.5933168484862	667
NG-28050_2_58_lib499471_7584_2	7324404	0	7324404	1	3656119	3668285	6756277	6662298	568127	6627798	7206926	0	75390	0	379	1105985004	552073969	553911035	1020197827	1019059755	0	0	20595917	2.021070e-02	151	151	151	151	151	151	35.3	374.8	116.6	3312012	13839	5298	0	90.5	350.988068706227	123.05412126231995	623
NG-28050_2_59_lib504956_7614_4	13870155	0	13870155	1	6923749	6946406	12491482	12393460	1378673	12303742	13676745	0	172694	0	648	2094393405	1045486099	1048907306	1886213782	1883623394	0	0	42666509	2.265129e-02	151	151	151	151	151	151	35.0	369.7	134.3	6142454	36417	17859	0	88.7	648.7362340699899	240.58242152647782	900
NG-28050_2_60_lib499473_7584_2	7476529	0	7476529	1	3734899	3741630	6891430	6795170	585099	6751336	7355313	0	86483	0	394	1128955879	563969749	564986130	1040605930	1039474909	0	0	20668903	1.988399e-02	151	151	151	151	151	151	35.4	376.1	112.0	3374296	14495	8794	0	90.3	358.02049528374204	129.5376218214983	800
NG-28050_2_61_lib499474_7584_2	7325706	0	7325706	1	3660614	3665092	6302923	6072796	1022783	5732716	7031561	0	83708	0	331	1106181606	552752714	553428892	951741373	950448800	0	0	19085258	2.008026e-02	151	151	151	151	151	151	35.5	409.0	209.9	2868283	16096	152019	0	78.3	327.35462077523783	138.90724454339463	602
NG-28050_2_62_lib499475_7584_2	7828198	0	7828198	1	3908114	3920084	7286545	7161012	541653	7079768	7668069	0	105659	0	392	1182057898	590125214	591932684	1100268295	1098998944	0	0	22853060	2.079443e-02	151	151	151	151	151	151	35.5	396.3	121.1	3540096	15645	24765	0	90.4	378.50556996974115	139.40610952028092	778
NG-28050_2_63_lib499476_7584_2	7671152	0	7671152	1	3829498	3841654	7020386	6889854	650766	6803854	7496914	0	97572	0	355	1158343952	578254198	580089754	1060078286	1058799820	0	0	22284604	2.104704e-02	151	151	151	151	151	151	35.4	404.2	131.0	3404552	15540	24835	0	88.7	364.65599756633577	152.30767988511818	997
NG-28050_2_64_lib499477_7589_2	8354124	0	8354124	1	4173483	4180641	7644649	7456074	709475	7242222	8125793	0	113240	0	437	1261472724	630195933	631276791	1154341999	1152711094	0	0	22757578	1.974266e-02	151	151	151	151	151	151	35.5	323.1	114.1	3606275	30634	91128	0	86.7	397.02421227174494	149.5877790173606	636
NG-28050_2_65_lib499478_7589_2	9947967	0	9947967	1	4966583	4981384	9384272	9289514	563695	9238222	9812056	0	127751	0	473	1502143017	749954033	752188984	1417025072	1415413975	0	0	29201141	2.063081e-02	151	151	151	151	151	151	35.4	356.0	117.3	4613944	23456	7357	0	92.9	487.49062174539614	183.25757198277842	868
NG-28050_2_66_lib499479_7589_2	13780373	0	13780373	1	6874505	6905868	12723082	12631152	1057291	12539450	13608529	0	185526	0	548	2080836323	1038050255	1042786068	1921185382	1918957456	0	0	39726084	2.070191e-02	151	151	151	151	151	151	35.4	364.6	112.4	6267919	32163	15494	0	91.0	660.9072206858702	249.49332055335663	925
NG-28050_2_67_lib499480_7589_2	8225015	0	8225015	1	4108284	4116731	7649805	7548560	575210	7496422	8089690	0	115680	0	367	1241977265	620350884	621626381	1155120555	1153929667	0	0	23426779	2.030174e-02	151	151	151	151	151	151	35.3	399.2	125.6	3750313	11971	11996	0	91.1	397.436590541163	137.6289569154219	643
NG-28050_2_68_lib504957_7614_4	15466919	0	15466919	1	7724603	7742316	14833849	14813330	633070	14748432	15414927	0	288146	0	631	2335504769	1166415053	1169089716	2239911199	2238667445	0	0	12569516	5.614731e-03	151	151	151	151	151	151	35.3	329.5	104.8	7341465	52709	12491	0	95.4	771.2217752312653	163.93934331166233	250
NG-28050_2_69_lib499482_7589_2	8038179	0	8038179	1	4015510	4022669	7202543	7081534	835636	7035034	7869703	0	117823	0	337	1213765029	606342010	607423019	1087583993	1086349213	0	0	23194957	2.135129e-02	151	151	151	151	151	151	35.3	410.5	133.7	3521041	12216	7510	0	87.5	374.1493806110964	125.68764698908286	950
NG-28050_2_6_lib499433_7584_3	6070903	0	6070903	1	3033790	3037113	5576025	5485408	494878	5455362	5954605	0	77487	0	302	916706353	458102290	458604063	841979775	841071010	0	0	15893773	1.889706e-02	151	151	151	151	151	151	35.8	341.3	102.1	2721116	15512	6076	0	89.9	289.67871567022746	82.77240050462109	525
NG-28050_2_70_lib499483_7589_2	8196822	0	8196822	1	4094416	4102406	7459085	7251948	737737	6987736	7934721	0	119159	0	420	1237720122	618256816	619463306	1126321835	1124683758	0	0	24115801	2.144229e-02	151	151	151	151	151	151	35.4	340.9	121.9	3487524	26050	112400	0	85.2	387.35510861053416	192.79672894609172	1003
NG-28050_2_71_lib499484_7589_2	7399073	0	7399073	1	3697049	3702024	6908614	6668836	490459	6337124	7119241	0	74867	0	407	1117260023	558254399	559005624	1043200714	1041731848	0	0	21236164	2.038544e-02	151	151	151	151	151	151	35.4	345.5	156.7	3163054	22823	148541	0	85.6	358.79307756202246	124.90986214260066	559
NG-28050_2_72_lib499485_7589_2	10485099	0	10485099	1	5235173	5249926	10091800	10064546	393299	10017118	10440093	0	193884	0	433	1583249949	790511123	792738826	1523861800	1523302397	0	0	7221776	4.740868e-03	151	151	151	151	151	151	35.4	371.6	120.0	5000889	20529	10855	0	95.5	524.7769889882206	115.6749765263057	262
NG-28050_2_74_lib499486_7589_2	7365635	0	7365635	1	3683587	3682048	6354881	6111236	1010754	5917726	7059979	0	73906	0	334	1112210885	556221637	555989248	959587031	957996206	0	0	21604942	2.255222e-02	151	151	151	151	151	151	35.2	311.6	100.8	2945739	24467	85412	0	80.3	329.94090957166617	123.41790586601591	928
NG-28050_2_75_lib499487_7589_2	7725704	0	7725704	1	3861528	3864176	7086896	6884620	638808	6706066	7480194	0	52555	0	361	1166581304	583090728	583490576	1070121296	1068526252	0	0	22006086	2.059480e-02	151	151	151	151	151	151	35.5	302.3	95.2	3335836	30669	75805	0	86.8	368.0242463788737	147.2507606198344	846
NG-28050_2_76_lib499488_7589_2	8493923	0	8493923	1	4245817	4248106	7739001	7498396	754922	7162238	8199733	0	74134	0	461	1282582373	641118367	641464006	1168589151	1166878746	0	0	24292518	2.081838e-02	151	151	151	151	151	151	35.5	340.9	141.3	3574057	25604	149537	0	84.3	401.88813378538487	148.9800185167515	822
NG-28050_2_77_lib499489_7589_2	8900480	0	8900480	1	4445758	4454722	8290609	8198612	609871	8152664	8767263	0	121682	0	413	1343972480	671309458	672663022	1251881959	1250403484	0	0	25649904	2.051330e-02	151	151	151	151	151	151	35.5	331.1	102.5	4069612	24082	5612	0	91.6	430.6466046697827	160.9846688109479	703
NG-28050_2_78_lib499490_7589_2	9107586	0	9107586	1	4547898	4559688	8617734	8543302	489852	8490352	9002871	0	146040	0	537	1375245486	686732598	688512888	1301277834	1300065763	0	0	20620465	1.586109e-02	151	151	151	151	151	151	35.4	336.5	105.8	4232421	28114	11116	0	93.2	447.78334876192844	173.82456320119002	674
NG-28050_2_79_lib504958_7614_4	14270742	0	14270742	1	7129245	7141497	12879998	12810242	1390744	12745140	14120963	0	202009	0	632	2154882042	1076515995	1078366047	1944879698	1942875298	0	0	33989801	1.749459e-02	151	151	151	151	151	151	35.1	337.1	106.2	6356530	39811	8780	0	89.3	669.195604728006	198.1172445984672	1122
NG-28050_2_7_lib499434_7584_3	4454387	0	4454387	1	2226816	2227571	4096121	4014802	358266	3994686	4352972	0	73112	0	228	672612437	336249216	336363221	618514271	617862460	0	0	11050885	1.788567e-02	151	151	151	151	151	151	35.7	341.7	101.7	1992992	11437	2972	0	89.7	212.8049106686065	73.07144275508271	571
NG-28050_2_80_lib499492_7589_2	7112778	0	7112778	1	3556340	3556438	6514991	6203284	597787	5838634	6740251	0	93108	0	412	1074029478	537007340	537022138	983763641	982123473	0	0	20735441	2.111286e-02	151	151	151	151	151	151	35.4	332.8	131.6	2912165	23728	165749	0	82.1	338.24379913450576	183.47974940689147	880
NG-28050_2_81_lib499493_7589_2	9498910	0	9498910	1	4741952	4756958	9150285	9128830	348625	9069392	9468019	0	218047	0	459	1434335410	716034752	718300658	1381693035	1380756316	0	0	5535850	4.009288e-03	151	151	151	151	151	151	35.5	290.5	85.9	4490931	60057	13427	0	95.5	475.6829949090804	99.25633806398208	231
NG-28050_2_82_lib499494_7589_2	8262447	0	8262447	1	4127790	4134657	7505753	7388650	756694	7324292	8110739	0	107357	0	468	1247629497	623296290	624333207	1133368703	1132056532	0	0	24229420	2.140301e-02	151	151	151	151	151	151	35.3	404.6	136.1	3664991	13904	15430	0	88.6	389.8912068721386	131.96551557590257	692
NG-28050_2_83_lib499495_7589_2	7085488	0	7085488	1	3540012	3545476	6289432	6019674	796056	5734464	6767045	0	79828	0	443	1069908688	534541812	535366876	949704232	948366334	0	0	15695426	1.654996e-02	151	151	151	151	151	151	35.5	314.7	119.5	2854870	28760	126207	0	80.9	326.64547947904975	116.45621912255461	1203
NG-28050_2_84_lib504959_7614_4	14703507	0	14703507	1	7342796	7360711	13821273	13734074	882234	13655926	14554324	0	194376	0	668	2220229410	1108762049	1111467361	2087012223	2084610977	0	0	44752273	2.146793e-02	150	151	151	151	151	151	35.0	411.9	115.8	6836619	19386	11032	0	92.9	717.9897282419773	211.13435390616522	511
NG-28050_2_85_lib499497_7589_2	7579581	0	7579581	1	3786674	3792907	6945984	6661176	633597	6339668	7243742	0	176567	0	466	1144516731	571787774	572728957	1048843584	1047177045	0	0	20831167	1.989269e-02	151	151	151	151	151	151	35.5	311.2	107.4	3153959	31279	145350	0	83.6	360.66488919145087	149.4085831106181	572
NG-28050_2_86_lib499498_7589_2	8238879	0	8238879	1	4117292	4121587	7206203	6972718	1032676	6632204	7949871	0	117344	0	474	1244070729	621711092	622359637	1088136653	1086676129	0	0	22054661	2.029552e-02	151	151	151	151	151	151	35.3	372.7	134.7	3316773	16986	152600	0	80.5	374.2726499757633	142.77676551411244	768
NG-28050_2_87_lib499499_7589_2	7481872	0	7481872	1	3734770	3747102	6355023	6119764	1126849	5899858	7169482	0	112271	0	371	1129762672	563950270	565812402	959608473	958122368	0	0	22352020	2.332898e-02	151	151	151	151	151	151	34.8	359.1	114.4	2947543	16080	96259	0	78.9	329.98647807376716	150.68764137895496	988
NG-28050_2_88_lib507767_7625_2	15285555	0	15285555	1	7627377	7658178	14335345	14267458	950210	14194322	15158895	0	230620	0	1096	2308118805	1151733927	1156384878	2164637095	2162076195	0	0	40452407	1.870998e-02	151	151	151	151	151	151	35.7	328.0	109.6	7062208	56266	15255	0	92.9	744.678636086927	243.62637734144948	568
NG-28050_2_89_lib499501_7589_2	5476551	0	5476551	1	2739719	2736832	4931217	4646374	545334	4401722	5148940	0	96925	0	282	826959201	413697569	413261632	744613767	743431991	0	0	15543042	2.090715e-02	151	151	151	151	151	151	35.4	335.9	157.8	2192751	16951	113485	0	80.4	256.0484355680163	102.64554002615277	1008
NG-28050_2_8_lib499435_7584_3	2316095	0	2316095	1	1157862	1158233	2183216	1997676	132879	1925462	2123904	0	36882	0	166	349730345	174837162	174893183	329665616	329307623	0	0	5016419	1.523323e-02	151	151	151	151	151	151	35.6	361.8	113.5	962886	4964	30988	0	83.1	113.42226726966233	36.135908504243055	580
NG-28050_2_90_lib499502_7589_2	7259644	0	7259644	1	3628069	3631575	6655368	6444626	604276	6184536	6999558	0	118451	0	396	1096206244	547838419	548367825	1004960568	1003611402	0	0	20643708	2.056942e-02	151	151	151	151	151	151	35.5	359.4	135.3	3089713	17880	114720	0	85.2	345.6613327481147	122.14461702050158	761
NG-28050_2_91_lib499503_7589_2	12714127	0	12714127	1	6356887	6357240	46223	36952	12667904	35182	12695388	0	1789	0	3	1919833177	959889937	959943240	6979673	6962782	0	0	168645	2.422092e-02	151	151	151	151	151	151	35.3	326.0	105.5	17532	125	819	0	0.3	2.3979626675082053	3.439670459792183	57
NG-28050_2_92_lib499504_7589_2	5940309	0	5940309	1	2972245	2968064	5567728	5284870	372581	4981084	5620366	0	54121	0	329	896986659	448808995	448177664	840726928	839377898	0	0	18125796	2.159432e-02	151	151	151	151	151	151	35.4	348.9	190.2	2485698	19950	136787	0	83.9	289.08661350318454	125.68277991729003	846
NG-28050_2_93_lib499505_7589_2	6960630	0	6960630	1	3481062	3479568	6303321	6022104	657309	5739692	6634356	0	136773	0	339	1051055130	525640362	525414768	951801471	950379630	0	0	18225185	1.917674e-02	151	151	151	151	151	151	35.5	319.5	119.1	2859098	24771	127183	0	82.5	327.327931085685	144.59394188515822	1166
NG-28050_2_94_lib499506_7589_2	8484164	0	8484164	1	4239724	4244440	7862442	7641906	621722	7401662	8209763	0	42708	0	465	1281108764	640198324	640910440	1187228742	1185355478	0	0	24808115	2.092884e-02	151	151	151	151	151	151	35.5	301.1	100.2	3679617	36864	104472	0	87.2	408.2567946395996	136.08507216624744	687
NG-28050_2_95_lib507768_7625_2	17989034	0	17989034	1	8977040	9011994	17247941	17235766	741093	17176778	17953496	0	445277	0	1068	2716344134	1355533040	1360811094	2604439091	2601972833	0	0	8222984	3.160288e-03	151	151	151	151	151	151	35.8	284.6	97.3	8437215	172306	8362	0	95.5	896.4051441129545	186.86193352146415	223
NG-28050_2_96_lib499508_7589_2	8968580	0	8968580	1	4479035	4489545	8197493	8086558	771087	8018662	8818902	0	118057	0	417	1354255580	676334285	677921295	1237821443	1236443087	0	0	25745709	2.082239e-02	151	151	151	151	151	151	35.4	390.8	110.3	4014225	15780	13274	0	89.4	425.8426593362753	144.98375027380882	707
NG-28050_2_97_lib499509_7589_2	8059075	0	8059075	1	4029530	4029545	6806151	6516474	1252924	6125622	7717299	0	94921	0	444	1216920325	608459030	608461295	1027728801	1026096262	0	0	21733510	2.118077e-02	151	151	151	151	151	151	35.5	348.9	217.9	3055730	25038	177469	0	76.0	353.39620356650323	134.99390497681802	907
NG-28050_2_98_lib499510_7589_2	10041819	0	10041819	1	5012267	5029552	9763699	9703214	278120	9598568	9971497	0	252311	0	487	1516314669	756852317	759462352	1474318549	1473713262	0	0	6788967	4.606708e-03	151	151	151	151	151	151	35.4	359.5	106.8	4788743	19859	43005	0	95.6	507.7074417965293	114.87815800417593	270
NG-28050_2_9_lib499436_7584_3	2384758	0	2384758	1	1191319	1193439	2189515	2057236	195243	2017388	2243070	0	62162	0	129	360098458	179889169	180209289	330616765	330189750	0	0	6762895	2.048184e-02	151	151	151	151	151	151	35.7	371.9	118.5	1009176	4978	14464	0	84.6	113.71685226342142	59.59895543801984	777
NG-28050_3_10_lib503330_7590_2	7814374	0	7814374	1	3906921	3907453	7165866	7068262	648508	7039770	7679400	0	130454	0	324	1179970474	589945071	590025403	1082045766	1080607805	0	0	23178714	2.144970e-02	151	151	151	151	151	151	35.2	318.9	98.9	3502575	27285	4271	0	90.1	372.1818833267473	108.38322732206828	745
NG-28050_3_11_lib499563_7589_2	9649166	0	9649166	1	4819059	4830107	8920403	8815738	728763	8750194	9500763	0	115705	0	393	1457024066	727677909	729346157	1346980853	1345553530	0	0	27697382	2.058438e-02	151	151	151	151	151	151	35.3	398.3	122.9	4377106	16727	14036	0	90.7	463.432805683419	135.70251081033132	503
NG-28050_3_12_lib499564_7589_1	8548800	0	8548800	1	4271891	4276909	7967376	7865982	581424	7812280	8409079	0	126596	0	374	1290868800	645055541	645813259	1203073776	1201805439	0	0	23570996	1.961299e-02	151	151	151	151	151	151	35.4	377.3	119.9	3904880	17321	10790	0	91.4	413.92463220284856	129.30735098396855	455
NG-28050_3_13_lib499565_7589_1	11089456	0	11089456	1	5538495	5550961	10213211	10112556	876245	10043850	10932467	0	135013	0	414	1674507856	836312745	838195111	1542194861	1540602997	0	0	30456344	1.976911e-02	151	151	151	151	151	151	35.3	388.1	120.8	5023834	17701	14743	0	90.6	530.6114260948475	158.51327414204076	518
NG-28050_3_15_lib499567_7589_1	10334235	0	10334235	1	5161313	5172922	9615269	9517006	718966	9453668	10182771	0	142467	0	420	1560469485	779358263	781111222	1451905619	1450231891	0	0	29348287	2.023696e-02	151	151	151	151	151	151	35.4	360.0	116.1	4725909	21757	10837	0	91.5	499.47467304527396	193.31549928470088	762
NG-28050_3_16_lib499568_7589_1	8005122	0	8005122	1	4000970	4004152	7413878	7301478	591244	7236914	7854063	0	109616	0	339	1208773422	604146470	604626952	1119495578	1118332288	0	0	22176466	1.982994e-02	151	151	151	151	151	151	35.3	413.4	125.0	3621946	12621	16172	0	90.4	385.17277603433314	117.51944655942533	468
NG-28050_3_17_lib499569_7589_2	7037413	0	7037413	1	3516392	3521021	6377962	6282366	659451	6243454	6917474	0	112699	0	350	1062649363	530975192	531674171	963072262	961880041	0	0	20106268	2.090309e-02	151	151	151	151	151	151	35.4	333.8	106.4	3112203	22702	6278	0	88.7	331.2834381639478	111.84920633750305	781
NG-28050_3_18_lib499570_7589_1	8401438	0	8401438	1	4199376	4202062	7946269	7842272	455169	7786222	8266600	0	98739	0	379	1268617138	634105776	634511362	1199886619	1198561236	0	0	24425224	2.037879e-02	151	151	151	151	151	151	35.3	391.3	115.0	3896597	15421	9118	0	92.7	412.7978343006781	126.71339831191715	581
NG-28050_3_19_lib499571_7589_2	8321420	0	8321420	1	4157708	4163712	7820380	7713944	501040	7661270	8174668	0	117194	0	362	1256534420	627813908	628720512	1180877380	1179466156	0	0	24871192	2.108682e-02	151	151	151	151	151	151	35.3	372.8	121.2	3826953	19979	10040	0	92.1	406.21667363164096	151.55470130257544	780
NG-28050_3_1_lib499553_7589_2	8733732	0	8733732	1	4361822	4371910	8530605	8504226	203127	8478364	8698284	0	168672	0	364	1318793532	658635122	660158410	1288121355	1287666815	0	0	6653455	5.167062e-03	151	151	151	151	151	151	35.2	381.2	114.4	4234089	12917	5107	0	97.1	443.60573227144175	82.58193994433353	395
NG-28050_3_20_lib499572_7589_2	9549078	0	9549078	1	4771439	4777639	8378969	8286488	1170109	8229498	9392863	0	128369	0	457	1441910778	720487289	721423489	1265224319	1263713020	0	0	25576942	2.023952e-02	151	151	151	151	151	151	35.4	353.4	112.8	4096475	32920	13849	0	86.2	435.240182056274	226.0942507453044	769
NG-28050_3_21_lib499573_7589_2	10037111	0	10037111	1	5014668	5022443	9239315	9139226	797796	9084034	9883465	0	110820	0	603	1515603761	757214868	758388893	1395136565	1393521054	0	0	29339092	2.105393e-02	151	151	151	151	151	151	35.4	359.9	114.5	4538296	21481	9836	0	90.5	479.94254878094574	168.76831734619682	750
NG-28050_3_22_lib499574_7589_2	9086961	0	9086961	1	4540218	4546743	8360687	8264490	726274	8215462	8942289	0	106504	0	388	1372131111	685572918	686558193	1262463737	1260945349	0	0	25871705	2.051770e-02	151	151	151	151	151	151	35.5	336.3	105.1	4097908	26120	8217	0	90.4	434.2793697691636	191.15855861425135	845
NG-28050_3_23_lib499575_7589_2	9511501	0	9511501	1	4752074	4759427	8955481	8862288	556020	8820892	9378827	0	122771	0	449	1436236651	717563174	718673477	1352277631	1350737044	0	0	28056247	2.077107e-02	151	151	151	151	151	151	35.5	347.4	106.9	4403086	21574	6484	0	92.7	465.2175642066699	156.912030126858	618
NG-28050_3_24_lib499576_7589_2	9824177	0	9824177	1	4906287	4917890	9017915	8936518	806262	8890884	9701955	0	126147	0	512	1483450727	740849337	742601390	1361705165	1360080885	0	0	26960274	1.982255e-02	151	151	151	151	151	151	35.4	314.2	94.6	4429384	32711	6164	0	90.5	468.4444982272906	168.00268315162873	680
NG-28050_3_25_lib499577_7589_2	10280923	0	10280923	1	5135260	5145663	9480038	9395556	800885	9348522	10144692	0	138267	0	482	1552419373	775424260	776995113	1431485738	1429690757	0	0	27942140	1.954418e-02	151	151	151	151	151	151	35.6	304.5	96.9	4640769	48407	8602	0	90.9	492.4172349178449	156.85886889371872	520
NG-28050_3_26_lib499578_7589_2	9727778	0	9727778	1	4859110	4868668	9174623	9077194	553155	9021334	9589996	0	157453	0	416	1468894478	733725610	735168868	1385368073	1383784387	0	0	28708203	2.074615e-02	151	151	151	151	151	151	35.5	354.0	112.4	4504788	24078	9731	0	92.7	476.592036708917	159.69461279345293	812
NG-28050_3_2_lib499554_7589_2	10364018	0	10364018	1	5176464	5187554	9649958	9551064	714060	9491548	10213664	0	140338	0	476	1564966718	781646064	783320654	1457143658	1455524671	0	0	30107010	2.068464e-02	151	151	151	151	151	151	35.5	362.2	108.3	4744019	21466	10047	0	91.6	501.3002567681118	151.73022561757944	662
NG-28050_3_3_lib499555_7589_2	8838692	0	8838692	1	4414639	4424053	8079515	7980466	759177	7927574	8705976	0	108488	0	413	1334642492	666610489	668032003	1220006765	1218692872	0	0	24554631	2.014834e-02	151	151	151	151	151	151	35.3	399.0	124.2	3964819	15895	9519	0	89.7	419.74743808953224	121.3769712440193	529
NG-28050_3_4_lib499556_7589_2	10427476	0	10427476	1	5207015	5220461	9511806	9411780	915670	9347998	10271068	0	249306	0	462	1574548876	786259265	788289611	1436282706	1434824976	0	0	27970447	1.949398e-02	151	151	151	151	151	151	35.3	387.4	120.6	4679150	17161	9579	0	89.6	494.17606478838593	162.03962891455902	658
NG-28050_3_5_lib499557_7589_2	10154180	0	10154180	1	5069604	5084576	9788181	9765878	365999	9729536	10118551	0	196464	0	433	1533281180	765510204	767770976	1478015331	1477488218	0	0	6716375	4.545806e-03	151	151	151	151	151	151	35.4	362.6	108.8	4856015	20046	6878	0	95.8	509.00181560170313	99.84659935869294	248
NG-28050_3_6_lib499558_7589_2	8149809	0	8149809	1	4072969	4076840	7552402	7445048	597407	7400146	8006426	0	112228	0	339	1230621159	615018319	615602840	1140412702	1139147730	0	0	24094523	2.115136e-02	151	151	151	151	151	151	35.3	392.2	112.0	3701206	12742	8576	0	90.8	392.3403664070276	134.32261801023023	761
NG-28050_3_7_lib503329_7590_2	6852829	0	6852829	1	3427181	3425648	6299085	6194660	553744	6155056	6720477	0	146660	0	303	1034777179	517504331	517272848	951161835	950077941	0	0	19448809	2.047075e-02	151	151	151	151	151	151	35.2	376.1	116.1	3075096	15678	6556	0	89.8	327.21827391056144	124.80151828522135	2280
NG-28050_3_8_lib499560_7589_2	10902359	0	10902359	1	5444346	5458013	9999527	9905560	902832	9849518	10756874	0	143040	0	549	1646256209	822096246	824159963	1509928577	1508204337	0	0	31447796	2.085115e-02	151	151	151	151	151	151	35.4	345.8	103.3	4920944	23640	8196	0	90.3	519.4520276343536	178.12775497162025	715
NG-28050_3_9_lib499561_7589_2	8640951	0	8640951	1	4316353	4324598	7984362	7876746	656589	7826580	8495219	0	136564	0	363	1304783601	651769303	653014298	1205638662	1204233927	0	0	24689181	2.050198e-02	151	151	151	151	151	151	35.4	358.2	114.8	3906676	23247	8450	0	90.6	414.7507661184606	135.59103548696714	32078
NG-28050_7_10_lib499520_7589_2	9565626	0	9565626	1	4778516	4787110	8668874	8571798	896752	8518196	9409524	0	130103	0	438	1444409526	721555916	722853610	1308999974	1307471862	0	0	27158135	2.077149e-02	151	151	151	151	151	151	35.5	347.4	108.5	4253927	24126	7846	0	89.1	450.3064170667938	177.33485562821022	887
NG-28050_7_11_lib499521_7589_2	9924713	0	9924713	1	4955481	4969232	9143489	9046370	781224	8986142	9779600	0	123697	0	486	1498631663	748277631	750354032	1380666839	1379161843	0	0	27673678	2.006558e-02	151	151	151	151	151	151	35.4	359.9	112.4	4486689	23480	13016	0	90.5	475.00582611772336	151.5753520748188	535
NG-28050_7_12_lib499522_7589_2	9769881	0	9769881	1	4877734	4892147	9051267	8944220	718614	8871292	9619399	0	113152	0	430	1475252031	736537834	738714197	1366741317	1365283254	0	0	28268741	2.070540e-02	151	151	151	151	151	151	35.3	399.8	128.5	4438645	15140	18325	0	90.8	470.2260427565588	156.27368770745713	588
NG-28050_7_13_lib499523_7589_2	7981260	0	7981260	1	3989792	3991468	7532858	7444168	448402	7414714	7862540	0	120099	0	278	1205170260	602458592	602711668	1137461558	1136321923	0	0	22673107	1.995307e-02	151	151	151	151	151	151	35.4	344.7	92.1	3703707	12089	6288	0	92.9	391.3796402490303	164.0716112322684	532
NG-28050_7_14_lib499524_7589_2	8207252	0	8207252	1	4101348	4105904	7905050	7839280	302202	7810312	8124114	0	159702	0	336	1239295052	619303548	619991504	1193662550	1192689313	0	0	18482401	1.549641e-02	151	151	151	151	151	151	35.5	346.5	93.7	3896959	17069	5612	0	95.2	410.80837512604995	160.23071163654927	593
NG-28050_7_15_lib499525_7589_2	8958746	0	8958746	1	4474948	4483798	8309982	8210292	648764	8159466	8816105	0	111907	0	393	1352770646	675717148	677053498	1254807282	1253441611	0	0	25562485	2.039384e-02	151	151	151	151	151	151	35.3	369.9	114.0	4076135	18801	10210	0	91.1	431.7066328718995	146.262227808705	538
NG-28050_7_16_lib499526_7589_2	6388440	0	6388440	1	3191580	3196860	5997027	5885214	391413	5857818	6254785	0	76268	0	303	964654440	481928580	482725860	905551077	904421815	0	0	20106100	2.223089e-02	151	151	151	151	151	151	34.8	355.6	108.8	2923552	13606	5449	0	91.7	311.4983389139257	97.96088189484031	515
NG-28050_7_17_lib499527_7589_2	9557626	0	9557626	1	4772565	4785061	9172580	9145658	385046	9117630	9513322	0	170636	0	368	1443201526	720657315	722544211	1385059580	1384502679	0	0	7815015	5.644637e-03	151	151	151	151	151	151	35.4	369.7	112.2	4550534	17449	4846	0	95.4	476.9559408244761	90.67886705850951	291
NG-28050_7_18_lib499528_7589_2	8455318	0	8455318	1	4224329	4230989	7789242	7684316	666076	7629924	8306519	0	100309	0	466	1276753018	637873679	638879339	1176175542	1174821794	0	0	24803298	2.111239e-02	151	151	151	151	151	151	35.4	365.8	109.5	3813686	16500	11972	0	90.2	404.623018039915	144.90177948056277	725
NG-28050_7_19_lib499529_7589_2	9588555	0	9588555	1	4787371	4801184	8933432	8859628	655123	8810366	9478418	0	146890	0	384	1447871805	722893021	724978784	1348948232	1347817901	0	0	21397562	1.587571e-02	151	151	151	151	151	151	35.4	371.7	117.6	4402251	20472	7091	0	91.9	464.2316904147599	144.40285530221408	641
NG-28050_7_1_lib499511_7589_2	10885151	0	10885151	1	5435958	5449193	10045339	9958808	839812	9907266	10746518	0	140861	0	392	1643657801	820829658	822828143	1516846189	1515125245	0	0	30009097	1.980635e-02	151	151	151	151	151	151	35.5	328.1	98.7	4935741	34476	9187	0	91.0	521.837499857887	154.59301138407585	568
NG-28050_7_20_lib499530_7589_2	7655664	0	7655664	1	3825184	3830480	7192669	7098248	462995	7052360	7537273	0	89876	0	362	1156005264	577602784	578402480	1086093019	1084945953	0	0	21782965	2.007747e-02	151	151	151	151	151	151	35.3	391.1	126.2	3528935	11762	8427	0	92.1	373.67937576374993	112.63840526081654	475
NG-28050_7_21_lib499531_7589_2	8364724	0	8364724	1	4177716	4187008	7738854	7635884	625870	7587204	8227245	0	131794	0	367	1263073324	630835116	632238208	1168566954	1167216138	0	0	24852136	2.129180e-02	151	151	151	151	151	151	35.3	379.7	125.2	3794534	16555	6853	0	90.7	401.99705920756395	134.37963302052972	750
NG-28050_7_22_lib499532_7589_2	8405066	0	8405066	1	4196666	4208400	7474462	7373168	930604	7326616	8259024	0	128300	0	344	1269164966	633696566	635468400	1128643762	1127355259	0	0	23657982	2.098538e-02	151	151	151	151	151	151	35.3	369.4	121.3	3663279	17090	6215	0	87.2	388.2727946726732	119.84484693681644	839
NG-28050_7_23_lib499533_7589_2	7825617	0	7825617	1	3910103	3915514	7203812	7097286	621805	7050922	7676855	0	104093	0	327	1181668167	590425553	591242614	1087775612	1086499012	0	0	22861555	2.104149e-02	151	151	151	151	151	151	35.3	362.9	110.0	3522174	18821	7648	0	90.1	374.20027292593346	114.37326814275427	930
NG-28050_7_24_lib499534_7589_2	9300612	0	9300612	1	4644971	4655641	8561506	8468022	739106	8398272	9177470	0	109342	0	615	1404392412	701390621	703001791	1292787406	1291376684	0	0	25646692	1.985996e-02	151	151	151	151	151	151	35.4	372.6	123.4	4197651	18429	17931	0	90.3	444.77817791449723	187.87035977986616	690
NG-28050_7_25_lib499535_7613_1	9945885	0	9945885	1	4972387	4973498	9369194	9344368	576691	9325146	9907765	0	297582	0	412	1501828635	750830437	750998198	1414748294	1413874190	0	0	5561201	3.933307e-03	151	151	151	151	151	151	35.7	284.8	73.5	4624842	42313	5029	0	93.8	487.08407338338236	221.30077789674579	364
NG-28050_7_26_lib499536_7589_2	9723992	0	9723992	1	4856928	4867064	8868960	8759696	855032	8707076	9561119	0	147813	0	465	1468322792	733396128	734926664	1339212960	1337738260	0	0	27910138	2.086368e-02	151	151	151	151	151	151	35.3	399.8	124.6	4355709	15293	8846	0	89.5	460.7369186241804	138.94786749623955	696
NG-28050_7_27_lib499537_7589_2	9984141	0	9984141	1	4985836	4998305	9218860	9149280	765281	9099952	9873239	0	155952	0	467	1507605291	752861236	754744055	1392047860	1390787654	0	0	21814688	1.568513e-02	151	151	151	151	151	151	35.5	338.6	104.7	4537235	29460	7945	0	91.1	479.0313279145489	143.7127246481399	637
NG-28050_7_28_lib499538_7589_2	8966406	0	8966406	1	4478072	4488334	8349555	8257998	616851	8207896	8838447	0	148277	0	431	1353927306	676188872	677738434	1260782805	1259596743	0	0	22940338	1.821245e-02	151	151	151	151	151	151	35.3	379.0	120.0	4105224	15551	8224	0	91.5	433.83681013594963	136.41094341239435	687
NG-28050_7_29_lib499539_7589_2	9205082	0	9205082	1	4596307	4608775	8667301	8582848	537781	8545744	9089583	0	115812	0	429	1389967382	694042357	695925025	1308762451	1307355688	0	0	26120490	1.997964e-02	151	151	151	151	151	151	35.3	361.7	115.4	4269356	17567	4501	0	92.8	450.2844703352386	138.91945023692784	490
NG-28050_7_2_lib499512_7589_2	8438805	0	8438805	1	4216776	4222029	7839867	7733500	598938	7671850	8291503	0	106452	0	423	1274259555	636733176	637526379	1183819917	1182472565	0	0	24603106	2.080649e-02	151	151	151	151	151	151	35.5	358.9	110.9	3835393	18467	12890	0	90.9	407.25263288085694	134.00430565588536	768
NG-28050_7_30_lib499540_7589_2	9952188	0	9952188	1	4969963	4982225	9353478	9255642	598710	9195246	9805584	0	131694	0	459	1502780388	750464413	752315975	1412375178	1410761266	0	0	29362343	2.081312e-02	151	151	151	151	151	151	35.5	369.5	116.2	4598349	20856	8616	0	92.4	485.8805626918311	159.97550169283235	807
NG-28050_7_31_lib499541_7589_2	9231509	0	9231509	1	4611302	4620207	8581588	8486932	649921	8419644	9090899	0	108633	0	479	1393957859	696306602	697651257	1295819788	1294322560	0	0	26306190	2.032429e-02	151	151	151	151	151	151	35.4	353.8	107.6	4198989	29567	14910	0	91.2	445.7873778818371	158.0410985031884	513
NG-28050_7_32_lib499542_7589_2	9084565	0	9084565	1	4537343	4547222	8458254	8365620	626311	8309652	8952741	0	101419	0	564	1371769315	685138793	686630522	1277196354	1275664833	0	0	25979446	2.036542e-02	151	151	151	151	151	151	35.3	345.7	105.6	4143128	27017	12665	0	91.5	439.3642382965177	188.169626426147	485
NG-28050_7_33_lib499543_7589_2	8860130	0	8860130	1	4425538	4434592	8319863	8218858	540267	8163550	8722123	0	116638	0	470	1337879630	668256238	669623392	1256299313	1254767096	0	0	25607021	2.040779e-02	151	151	151	151	151	151	35.5	325.2	99.6	4065990	30933	12506	0	92.1	432.1595879445425	144.12575766688946	747
NG-28050_7_34_lib499544_7590_2	7342912	0	7342912	1	3672931	3669981	6813217	6723606	529695	6695210	7230667	0	115693	0	303	1108779712	554612581	554167131	1028795767	1027602329	0	0	20811513	2.025250e-02	151	151	151	151	151	151	35.3	350.8	93.3	3336814	18413	6576	0	91.2	353.94623476246795	130.77001082912557	481
NG-28050_7_35_lib504963_7614_4	15787295	0	15787295	1	7886127	7901168	14597160	14510000	1190135	14413762	15597281	0	193075	0	966	2383881545	1190805177	1193076368	2204171160	2201248700	0	0	47251597	2.146581e-02	151	151	151	151	151	151	35.3	322.0	91.0	7186054	50111	18835	0	91.3	758.1258618509697	332.61640568511007	805
NG-28050_7_36_lib499546_7589_2	10583664	0	10583664	1	5286912	5296752	9448597	9329532	1135067	9222314	10388464	0	118130	0	520	1598133264	798323712	799809552	1426738147	1425004082	0	0	30186159	2.118321e-02	151	151	151	151	151	151	35.3	420.2	123.3	4608522	30506	25738	0	87.1	490.78185218246006	156.60533538838718	744
NG-28050_7_37_lib499547_7589_2	8821160	0	8821160	1	4408206	4412954	8099613	7987792	721547	7910438	8661510	0	93458	0	475	1331995160	665639106	666356054	1223041563	1221578629	0	0	25061787	2.051590e-02	151	151	151	151	151	151	35.3	363.8	117.6	3949835	24887	19174	0	89.7	420.7219879701745	247.31147830326287	785
NG-28050_7_38_lib504964_7614_4	13223990	0	13223990	1	6607918	6616072	11967668	11876060	1256322	11791738	13061416	0	168537	0	657	1996822490	997795618	999026872	1807117868	1804472861	0	0	38295393	2.122248e-02	151	151	151	151	151	151	35.3	306.2	97.6	5849755	69197	19078	0	89.2	621.4888550650292	212.75720138563912	886
NG-28050_7_39_lib499549_7589_2	9252125	0	9252125	1	4622029	4630096	8272627	8172908	979498	8113438	9100949	0	141357	0	428	1397070875	697926379	699144496	1249166677	1247580753	0	0	25868334	2.073480e-02	151	151	151	151	151	151	35.5	318.8	99.1	4041038	32368	13048	0	87.7	429.67611284843105	144.58430889899773	836
NG-28050_7_3_lib499513_7589_2	8396587	0	8396587	1	4194119	4202468	7844406	7740746	552181	7681780	8248897	0	111858	0	321	1267884637	633311969	634572668	1184505306	1183145537	0	0	24123218	2.038905e-02	151	151	151	151	151	151	35.4	379.8	124.0	3841521	19794	9058	0	91.5	407.48487762258844	266.38019880550837	796
NG-28050_7_40_lib499550_7589_2	8029178	0	8029178	1	4012340	4016838	7342277	7244048	686901	7190558	7882676	0	93025	0	437	1212405878	605863340	606542538	1108683827	1107429662	0	0	22014039	1.987850e-02	151	151	151	151	151	151	35.5	344.9	106.7	3585918	23407	12699	0	89.6	381.4147447529283	166.26469442275524	503
NG-28050_7_41_lib499551_7589_2	7690448	0	7690448	1	3842310	3848138	6843229	6729920	847219	6660906	7538447	0	83334	0	447	1161257648	580188810	581068838	1033327579	1032165318	0	0	21317749	2.065342e-02	151	151	151	151	151	151	35.2	413.9	131.0	3333426	12622	18912	0	86.6	355.4969746287749	137.08780521887456	705
NG-28050_7_42_lib499552_7589_2	9012049	0	9012049	1	4500450	4511599	8443014	8326346	569035	8268552	8857349	0	128723	0	443	1360819399	679567950	681251449	1274895114	1273415890	0	0	27634279	2.170091e-02	151	151	151	151	151	151	35.1	406.9	124.1	4138944	14578	9651	0	91.7	438.5773640977338	149.55514837402507	706
NG-28050_7_4_lib503327_7590_2	6463677	0	6463677	1	3232496	3231181	6036812	5929268	426865	5892588	6334893	0	88400	0	294	976015227	488106896	487908331	911558612	910438716	0	0	20319604	2.231847e-02	151	151	151	151	151	151	35.2	394.4	125.9	2946863	12552	5219	0	91.2	313.55923805363363	97.82908856866106	712
NG-28050_7_5_lib499515_7589_2	9674192	0	9674192	1	4830726	4843466	8475126	8379736	1199066	8333886	9503560	0	125127	0	410	1460802992	729439626	731363366	1279744026	1278198160	0	0	26735729	2.091673e-02	151	151	151	151	151	151	35.4	339.1	105.7	4159775	24292	5801	0	86.1	440.2269440115978	245.58239246275798	919
NG-28050_7_6_lib499516_7589_2	7877894	0	7877894	1	3936026	3941868	7277658	7175130	600236	7133594	7736668	0	106176	0	346	1189561994	594339926	595222068	1098926358	1097669519	0	0	23119055	2.106195e-02	151	151	151	151	151	151	35.4	365.5	111.5	3567335	15066	5164	0	90.6	378.0478312861592	119.2566368611019	766
NG-28050_7_7_lib499517_7589_2	8617770	0	8617770	1	4303491	4314279	8000840	7913308	616930	7872040	8497828	0	113630	0	354	1301283270	649827141	651456129	1208126840	1206890671	0	0	24057278	1.993327e-02	151	151	151	151	151	151	35.4	349.4	104.4	3938376	12554	5724	0	91.3	415.6858702433905	130.6959955873095	491
NG-28050_7_8_lib508062_7625_2	13831266	0	13831266	1	6903677	6927589	12689063	12615824	1142203	12553186	13681363	0	175108	0	630	2088521166	1042455227	1046065939	1916048513	1913790535	0	0	36351270	1.899438e-02	151	151	151	151	151	151	35.8	322.2	107.1	6243088	53973	10851	0	90.8	659.1480976318284	278.9318849503459	597
NG-28050_7_9_lib499519_7589_2	9460041	0	9460041	1	4724651	4735390	8744704	8637534	715337	8578862	9308258	0	137572	0	371	1428466191	713422301	715043890	1320450304	1318844693	0	0	27576948	2.090993e-02	151	151	151	151	151	151	35.3	356.0	114.7	4281880	27371	9516	0	90.7	454.2222492859035	162.22665873299098	31790
NG-29307_2_100_lib568923_7882_2	11253613	0	11253613	1	5617269	5636344	10446706	10362138	806907	10335612	11115759	0	138085	0	516	1699295563	848207619	851087944	1577452606	1574949264	0	0	34022286	2.160215e-02	151	151	151	151	151	151	34.9	281.0	77.9	5115670	61784	3615	0	91.8	542.4448637592463	170.9289266966173	674
NG-29307_2_101_lib568924_7882_2	7925003	0	7925003	1	3958424	3966579	7276690	7171350	648313	7142450	7783838	0	96986	0	326	1196675453	597722024	598953429	1098780190	1097185893	0	0	24055159	2.192442e-02	151	151	151	151	151	151	34.8	320.7	90.7	3551534	29576	4565	0	90.1	377.88451808521893	108.01282567343465	782
NG-29307_2_14_lib572946_7920_1	6574887	0	6574887	1	3280479	3294408	6264323	6191298	310564	6156376	6485670	0	96289	0	251	992807937	495352329	497455608	945912773	944999420	0	0	13603176	1.439490e-02	151	151	151	151	151	151	35.5	320.5	100.9	3066977	24064	4608	0	93.6	325.48979421687795	78.67315934961229	567
NG-29307_2_18_2_lib568959_7882_2	11005749	0	11005749	1	5495561	5510188	9959036	9879194	1046713	9844854	10879697	0	117761	0	612	1661868099	829829711	832038388	1503814436	1501623972	0	0	30215040	2.012158e-02	151	151	151	151	151	151	34.9	289.8	80.5	4880156	51979	7462	0	89.5	517.2038224789405	243.77291792621682	3408
NG-29307_2_19_lib568947_7882_2	8572717	0	8572717	1	4281366	4291351	7640634	7534142	932083	7501404	8415734	0	93624	0	308	1294480267	646486266	647994001	1153735734	1152105407	0	0	25181299	2.185677e-02	151	151	151	151	151	151	34.8	329.3	92.4	3733951	28174	4946	0	87.5	396.8016243261689	108.74551172147892	857
NG-29307_2_27_lib572947_7920_1	9395720	0	9395720	1	4689385	4706335	8706848	8617198	688872	8571294	9269296	0	133542	0	361	1418753720	708097135	710656585	1314734048	1312997848	0	0	25227491	1.921366e-02	151	151	151	151	151	151	35.5	319.0	108.5	4263205	38883	6511	0	91.2	452.21941598260054	122.33631731358133	784
NG-29307_2_28_lib572948_7920_1	10448736	0	10448736	1	5211401	5237335	9629629	9533456	819107	9475886	10303590	0	166444	0	425	1577759136	786921551	790837585	1454073979	1452277352	0	0	28041007	1.930830e-02	151	151	151	151	151	151	35.5	322.7	101.6	4722264	35714	8750	0	90.7	500.18452886858387	137.71062225243517	859
NG-29307_2_32_lib572949_7920_1	7863883	0	7863883	1	3926618	3937265	7348889	7255824	514994	7218580	7741187	0	85599	0	320	1187446333	592919318	594527015	1109682239	1108274424	0	0	21449431	1.935390e-02	151	151	151	151	151	151	35.6	312.2	94.7	3593918	28843	5151	0	91.8	381.7089742057087	104.82369781733814	630
NG-29307_2_33_lib568951_7882_2	10166883	0	10166883	1	5076833	5090050	9690414	9623672	476469	9587908	10069463	0	146778	0	483	1535199333	766601783	768597550	1463252514	1461550390	0	0	23784224	1.627328e-02	151	151	151	151	151	151	34.9	297.5	83.9	4757601	47220	7015	0	94.3	503.4097161907918	150.48661498951623	603
NG-29307_2_34_lib568952_7882_2	8034807	0	8034807	1	4013046	4021761	7510271	7411624	524536	7381704	7905010	0	95431	0	323	1213255857	605969946	607285911	1134050921	1132457100	0	0	24520998	2.165292e-02	151	151	151	151	151	151	34.8	322.7	91.2	3672453	28834	4525	0	91.9	390.0327190719829	105.8570075477768	661
NG-29307_2_36_lib568953_7882_2	9330974	0	9330974	1	4658935	4672039	8691752	8587792	639222	8542476	9178435	0	104895	0	395	1408977074	703499185	705477889	1312454552	1310471233	0	0	28937672	2.208188e-02	151	151	151	151	151	151	34.7	319.6	90.7	4245405	37776	10715	0	91.5	451.33692227605485	182.4543929923551	800
NG-29307_2_37_lib572443_7903_4	7083586	0	7083586	1	3538193	3545393	6442124	6332704	641462	6282270	6928543	0	86957	0	272	1069621486	534267143	535354343	972760724	971565994	0	0	19629417	2.020389e-02	151	151	151	151	151	151	35.4	360.8	111.6	3141934	14196	10222	0	88.7	334.6117733674313	146.77658239480473	953
NG-29307_2_38_lib568955_7882_2	9999572	0	9999572	1	4993355	5006217	9406142	9316870	593430	9284988	9866102	0	114621	0	441	1509935372	753996605	755938767	1420327442	1418283340	0	0	30231672	2.131568e-02	151	151	151	151	151	151	34.9	302.3	85.6	4609783	43267	5385	0	92.9	488.4721177667479	152.0367347053117	630
NG-29307_2_39_lib568956_7882_2	10443192	0	10443192	1	5215283	5227909	9716176	9621746	727016	9592992	10297369	0	119660	0	532	1576921992	787507733	789414259	1467142576	1464763516	0	0	33640783	2.296670e-02	151	151	151	151	151	151	34.5	290.9	82.3	4756179	49414	5280	0	91.9	504.4940934376851	163.7108450561084	629
NG-29307_2_40_lib568957_7882_2	9849059	0	9849059	1	4917996	4931063	9179349	9088694	669710	9052114	9713499	0	114168	0	394	1487207909	742617396	744590513	1386081699	1384227132	0	0	28940338	2.090722e-02	151	151	151	151	151	151	34.8	316.0	89.7	4501604	35400	7343	0	91.9	476.7560265401694	143.1740802489488	468
NG-29307_2_73_lib568958_7882_2	11030374	0	11030374	1	5506765	5523609	10089669	9995532	940705	9956690	10881318	0	119194	0	505	1665586474	831521515	834064959	1523540019	1521395296	0	0	33192745	2.181730e-02	151	151	151	151	151	151	34.8	314.4	87.0	4950883	38402	8481	0	90.3	523.9964249527754	165.7115992451148	660
NG-29307_2_99_lib568922_7882_2	10960219	0	10960219	1	5472529	5487690	10007731	9922890	952488	9889412	10830467	0	118346	0	449	1654993069	826351879	828641190	1511167381	1508846782	0	0	31566198	2.092075e-02	151	151	151	151	151	151	34.9	281.9	79.8	4893194	61114	7137	0	90.2	519.678914111704	151.1827268999614	535
NG-29307_3_27_lib568925_7910_4	539930	0	539930	1	270016	269914	498839	482400	41091	481320	522211	0	12714	0	19	81529430	40772416	40757014	75324689	75206332	0	0	1370938	1.822902e-02	151	151	151	151	151	151	36.0	282.8	77.7	237644	3387	169	0	89.1	25.902674102250415	10.237623035346797	722
NG-29307_3_28_lib568926_7882_2	10917443	0	10917443	1	5449625	5467818	10201601	10108216	715842	10077894	10775081	0	121270	0	480	1648533893	822893375	825640518	1540441751	1538191143	0	0	33376738	2.169869e-02	151	151	151	151	151	151	34.8	308.1	83.8	5004534	44776	4798	0	92.3	529.7817181655602	154.93938784592976	701
NG-29307_3_29_lib568927_7882_2	9648794	0	9648794	1	4817795	4830999	8840741	8758442	808053	8734180	9529378	0	107919	0	409	1456967894	727487045	729480849	1334951891	1333044731	0	0	27196346	2.040168e-02	151	151	151	151	151	151	34.9	296.9	80.2	4331969	43184	4068	0	90.5	459.13481411098047	143.6535128551251	583
NG-29307_3_30_lib568928_7882_2	11893182	0	11893182	1	5937916	5955266	10587285	10501998	1305897	10473118	11747333	0	185151	0	437	1795870482	896625316	899245166	1598680035	1596220835	0	0	33355413	2.089649e-02	151	151	151	151	151	151	34.9	282.1	79.3	5184239	62418	4342	0	88.1	549.7767798667342	145.12590613634285	767
NG-29307_3_31_lib568929_7882_2	9855950	0	9855950	1	4921624	4934326	9633701	9609766	222249	9590096	9823427	0	193829	0	406	1488248450	743165224	745083226	1454688851	1453703737	0	0	7514669	5.169326e-03	151	151	151	151	151	151	34.9	303.3	85.5	4755309	45302	4272	0	97.3	500.80980107964564	84.39513064648206	252
NG-29307_3_32_lib568930_7882_2	9143895	0	9143895	1	4565692	4578203	8615435	8535180	528460	8510144	9036363	0	108594	0	418	1380728145	689419492	691308653	1300930685	1298897511	0	0	26576208	2.046059e-02	151	151	151	151	151	151	34.8	277.3	78.0	4208490	54938	4162	0	93.1	447.3775573025602	130.5801783889381	517
NG-29307_3_33_lib568931_7882_2	7581120	0	7581120	1	3786310	3794810	7017562	6935980	563558	6917528	7474234	0	83385	0	265	1144749120	571732810	573016310	1059651862	1058184931	0	0	21276802	2.010688e-02	151	151	151	151	151	151	35.0	295.1	82.1	3433031	32229	2730	0	91.2	364.4664287665725	98.06875050883359	396
NG-29307_7_44_lib568933_7882_2	7877583	0	7877583	1	3933554	3944029	7416076	7325412	461507	7305786	7758317	0	89722	0	324	1189515033	593966654	595548379	1119827476	1118116546	0	0	24192656	2.163697e-02	151	151	151	151	151	151	34.8	288.6	78.6	3621183	38381	3142	0	92.7	385.09974509227703	114.83193183087361	580
NG-29307_7_45_lib568934_7882_2	10938427	0	10938427	1	5460799	5477628	10010967	9916774	927460	9880676	10780089	0	118914	0	469	1651702477	824580649	827121828	1511656017	1509339275	0	0	33173590	2.197888e-02	151	151	151	151	151	151	34.7	295.6	79.0	4905445	46358	6584	0	90.3	519.8246125309591	251.42084520803525	949
NG-29307_7_46_lib568935_7882_2	10711587	0	10711587	1	5346953	5364634	9590853	9504884	1120734	9471384	10552722	0	266053	0	390	1617449637	807389903	810059734	1448218803	1446202080	0	0	28951412	2.001893e-02	151	151	151	151	151	151	34.8	295.2	80.2	4699833	46391	6218	0	88.4	498.09289334907544	219.3482425876333	662
NG-29307_7_47_lib568936_7882_2	10229073	0	10229073	1	5106497	5122576	9451675	9371106	777398	9342650	10110129	0	130967	0	513	1544590023	771081047	773508976	1427202925	1425186246	0	0	29263615	2.053319e-02	151	151	151	151	151	151	34.8	297.9	84.1	4636969	44174	4410	0	91.3	490.87572292471043	150.37377763396165	574
NG-29307_7_48_1_lib568937_7882_2	9000893	0	9000893	1	4494182	4506711	8334219	8235616	666674	8198984	8856679	0	143245	0	414	1359134843	678621482	680513361	1258467069	1256536195	0	0	27660191	2.201305e-02	151	151	151	151	151	151	34.8	297.1	83.5	4070534	40609	6665	0	91.1	432.7683691865863	162.1338454425689	757
NG-29307_7_49_lib568939_7882_2	10715410	0	10715410	1	5349160	5366250	9671017	9581290	1044393	9551490	10565645	0	121712	0	485	1618026910	807723160	810303750	1460323567	1458078158	0	0	31190566	2.139156e-02	151	151	151	151	151	151	34.9	287.3	79.9	4734345	52109	4191	0	89.1	502.17480006848984	169.7985120890317	703
NG-29307_7_50_lib568940_7882_2	8521921	0	8521921	1	4256407	4265514	7342226	7243566	1179695	7214986	8384060	0	112046	0	347	1286810071	642717457	644092614	1108676126	1106987241	0	0	24137286	2.180448e-02	151	151	151	151	151	151	34.8	306.2	86.1	3580290	36545	4948	0	84.7	381.25589062842903	135.96658997337315	719
NG-29307_7_51_lib568941_7882_2	10100896	0	10100896	1	5043102	5057794	9411116	9308716	689780	9272056	9947094	0	127403	0	454	1525235296	761508402	763726894	1421078516	1418925670	0	0	31637618	2.229688e-02	151	151	151	151	151	151	34.9	310.2	86.9	4606339	41897	6122	0	91.8	488.68761177405645	160.47796008184633	644
NG-29307_7_52_lib568942_7882_2	10113370	0	10113370	1	5049053	5064317	9143519	9055144	969851	9030746	9969864	0	122865	0	337	1527118870	762407003	764711867	1380671369	1378493679	0	0	29393595	2.132298e-02	151	151	151	151	151	151	34.9	276.4	74.9	4468158	55933	3481	0	89.3	474.7735613940376	139.22888111980066	892
NG-29307_7_53_lib568943_7882_2	10032437	0	10032437	1	5008208	5024229	9240528	9161506	791909	9138116	9911993	0	134918	0	436	1514897987	756239408	758658579	1395319728	1393216906	0	0	28840288	2.070050e-02	151	151	151	151	151	151	34.8	284.8	79.1	4526040	51613	3100	0	91.1	479.8653219730182	147.3527097572956	601
NG-29307_7_54_1_lib568944_7882_2	9563643	0	9563643	1	4775521	4788122	8740462	8646668	823181	8617330	9433035	0	100671	0	414	1444110093	721103671	723006422	1319809762	1317907552	0	0	28333983	2.149922e-02	151	151	151	151	151	151	34.8	309.8	88.3	4280451	38394	4489	0	90.1	453.908645950433	137.14591852599668	649
NG-29307_7_54_2_lib568945_7882_2	9664043	0	9664043	1	4825142	4838901	9098479	9005472	565564	8976922	9532890	0	106853	0	378	1459270493	728596442	730674051	1373870329	1371870790	0	0	29528158	2.152401e-02	151	151	151	151	151	151	34.8	305.8	85.9	4457953	40461	4322	0	92.9	472.4951724632134	135.96983591011252	640
ST20091665	5066403	0	5066403	1	2517597	2548806	4932061	4920020	134342	4895578	5051334	0	133786	0	340	759960450	377639550	382320900	739809150	739029201	0	0	1755437	2.375328e-03	150	150	150	150	150	150	38.0	323.8	142.5	2411132	47938	940	0	96.6	254.600359881886	127.82431958009158	403
ST20091693_S204_LALL	600352	0	600352	1	301526	298826	564930	545954	35422	544834	580597	0	7055	0	12	87501241	43952813	43548428	82390485	82254262	0	0	2095069	2.547064e-02	145	146	146	151	151	151	32.9	269.7	108.2	255692	17133	152	0	90.8	28.331106149308606	11.760593392726284	679
ST20091949_S1_L001	2003686	0	2003686	1	996942	1006744	1777090	1719616	226596	1717062	1936322	0	10437	0	251	500921500	249235500	251686000	444272500	443678597	0	0	9367936	2.111424e-02	250	250	250	250	250	250	36.1	356.2	74.2	829740	29518	550	0	85.7	152.78684973811582	65.90691578359458	499
ST20091954_S5	2082552	0	2082552	1	1041226	1041326	1992003	1982088	90549	1980966	2071724	0	49247	0	81	312382800	156183900	156198900	298800450	298447892	0	0	1967435	6.592222e-03	150	150	150	150	150	150	32.9	322.8	101.2	978589	12359	96	0	95.1	102.81691362180155	49.170753580415415	164
ST20100400	6355617	0	6355617	1	3176060	3179557	5679899	5655396	675718	5570116	6319022	0	110000	0	408	953342550	476409000	476933550	851984850	849752074	0	0	14304791	1.683408e-02	150	150	150	150	150	150	38.8	288.0	134.0	2716747	109251	1700	0	87.6	292.6978783643323	174.5023368574747	626
ST20100859_S1_L001	1581894	0	1581894	1	792591	789303	1383905	1333744	197989	1331650	1522638	0	6664	0	170	395473500	198147750	197325750	345976250	345365228	0	0	7232125	2.094051e-02	250	250	250	250	250	250	36.4	344.9	74.0	637133	29249	490	0	84.2	118.93166860686848	43.181875805682736	567
ST20100860_S57	774019	0	774019	1	389697	384322	756568	744330	17451	743338	761453	0	19362	0	39	116102850	58454550	57648300	113485200	113322429	0	0	1236241	1.090906e-02	150	150	150	150	150	150	31.6	387.4	142.5	368001	4032	132	0	96.0	39.04015477057099	17.306399740775387	353
ST20100871	5243088	0	5243088	1	2619775	2623313	5070849	5066378	172239	4964658	5233976	0	114082	0	329	786463200	392966250	393496950	760627350	758985390	0	0	1037082	1.366406e-03	150	150	150	150	150	150	38.8	294.6	142.3	2426339	105332	1518	0	94.7	261.47527147035146	123.92650175706426	321
ST20100881	7526994	0	7526994	1	3761956	3765038	6960402	6934180	566592	6866052	7486576	0	130076	0	448	1129049100	564293400	564755700	1044060300	1041621908	0	0	17434914	1.673824e-02	150	150	150	150	150	150	38.8	290.6	130.4	3349891	115664	1535	0	91.2	358.78884552192346	205.29325294918436	640
ST20101138	15655456	0	15655456	1	7821257	7834199	13980523	13951908	1674933	13796386	15588615	0	231972	0	1265	2348318400	1173188550	1175129850	2097078450	2092080460	0	0	35322428	1.688388e-02	150	150	150	150	150	150	38.7	289.9	129.8	6733565	238716	3673	0	88.1	720.6111935462422	356.9052747144468	528
ST20101156	12445362	0	12445362	1	6218688	6226674	11030214	11002426	1415148	10842962	12387223	0	180304	0	1004	1866804300	932803200	934001100	1654532100	1650437127	0	0	27628585	1.674016e-02	150	150	150	150	150	150	38.8	293.2	137.3	5300846	197436	2931	0	87.1	568.48519113256	274.3716902457794	627
ST20101427	6159530	0	6159530	1	3075729	3083801	5543131	5507948	616399	5452820	6106198	0	130468	0	441	923929500	461359350	462570150	831469650	829576378	0	0	15035741	1.812460e-02	150	150	150	150	150	150	38.5	340.0	179.5	2665994	83476	4504	0	88.5	285.7283363748394	160.2158086891037	802
ST20101434	4638853	0	4638853	1	2305566	2333287	4296930	4264446	341923	4235858	4595716	0	85413	0	291	695827950	345834900	349993050	644539500	643604597	0	0	11293268	1.754690e-02	150	150	150	150	150	150	38.0	325.2	136.4	2099087	31731	1405	0	91.3	221.68948249839198	135.6992938472442	758
ST20101435	6436622	0	6436622	1	3215533	3221089	5753661	5719750	682961	5657992	6383380	0	137641	0	513	965493300	482329950	483163350	863049150	861128246	0	0	15419335	1.790597e-02	150	150	150	150	150	150	38.7	340.4	177.8	2771948	84451	3476	0	87.9	296.60265746210575	157.65958405090072	704
ST20101438	5522809	0	5522809	1	2743596	2779213	5138519	5106532	384290	5070550	5478976	0	102233	0	374	828421350	411539400	416881950	770777850	769469862	0	0	13341954	1.733915e-02	150	150	150	150	150	150	38.0	313.9	137.5	2500397	51265	1604	0	91.8	265.042249086084	159.67929776780306	674
ST20101696	8763924	0	8763924	1	4376693	4387231	8547103	8536868	216821	8411728	8743269	0	181639	0	900	1314588600	656503950	658084650	1282065450	1279714982	0	0	2785847	2.176928e-03	150	150	150	150	150	150	38.7	324.3	165.5	4118071	146549	3814	0	96.0	440.85680001405626	202.31337983454327	208
ST20101737	6548593	0	6548593	1	3272391	3276202	5798416	5768596	750177	5665690	6503567	0	102337	0	545	982288950	490858650	491430300	869762400	867557761	0	0	15503667	1.787047e-02	150	150	150	150	150	150	38.7	307.0	153.4	2779254	103020	2024	0	86.5	298.8194330706166	167.9371307224397	806
ST20101785	5893083	0	5893083	1	2944451	2948632	5235499	5206608	657584	5134526	5849354	0	117387	0	509	883962450	441667650	442294800	785324850	783554011	0	0	13311953	1.698920e-02	150	150	150	150	150	150	38.7	338.6	178.3	2520886	79424	2994	0	87.1	269.8868690654888	149.25419980804494	689
ST20101786_S205_LALL	1134127	0	1134127	1	568427	565700	1051268	1025246	82859	1022908	1105747	0	14303	0	74	164488908	82452036	82036872	152577267	152330488	0	0	3782431	2.483043e-02	145	145	145	151	151	151	33.0	256.7	106.0	474146	38137	340	0	90.2	52.46810001588221	21.06276933356971	585
ST20101789	4596857	0	4596857	1	2297664	2299193	4261854	4234438	335003	4187592	4559763	0	81486	0	417	689528550	344649600	344878950	639278100	637763338	0	0	11430213	1.792234e-02	150	150	150	150	150	150	38.8	308.7	151.0	2046914	68789	1516	0	91.1	219.67103329785962	129.30527554323234	703
ST20101791_S1_L001	1849458	0	1849458	1	928579	920879	1630808	1575330	218650	1573484	1784304	0	10856	0	252	462364500	232144750	230219750	407702000	406968879	0	0	8689999	2.135298e-02	250	250	250	250	250	250	36.2	348.5	77.4	752417	34921	327	0	85.1	140.14702515211263	51.62272748818071	1108
ST20102292_S1_L001	1804742	0	1804742	1	903347	901395	1658835	1606360	145907	1604442	1745233	0	8229	0	221	451185500	225836750	225348750	414708750	414013918	0	0	8629921	2.084452e-02	250	250	250	250	250	250	36.4	332.9	66.4	766149	36650	381	0	88.9	142.57153212323078	48.84044522548434	519
ST20102295_S1_L001	1667474	0	1667474	1	835650	831824	1521351	1475338	146123	1474336	1615514	0	8565	0	192	416868500	208912500	207956000	380337750	379620102	0	0	7902667	2.081730e-02	250	250	250	250	250	250	36.4	343.7	76.9	697816	39679	174	0	88.4	130.73038555869715	41.975728116574516	557
ST20102302	9023369	0	9023369	1	4502287	4521082	8433248	8395560	590121	8352866	8962075	0	147865	0	639	1353505350	675343050	678162300	1264987200	1263409596	0	0	22576321	1.786936e-02	150	150	150	150	150	150	37.9	358.8	147.5	4153064	41826	2890	0	92.6	435.17402283937366	233.3841579359208	661
ST20110014	9242625	0	9242625	1	4610638	4631987	8805214	8769180	437411	8721618	9187243	0	150869	0	621	1386393750	691595700	694798050	1320782100	1318990205	0	0	23441562	1.777235e-02	150	150	150	150	150	150	37.8	340.8	142.1	4328102	54031	2457	0	94.4	454.32262484328805	245.62682466162258	570
ST20110285	3055285	0	3055285	1	1523479	1531806	2896659	2855960	158626	2842420	3010050	0	148086	0	80	458292750	228521850	229770900	434498850	433856871	0	0	8382261	1.932034e-02	150	150	150	150	150	150	37.2	414.3	202.5	1407429	18288	2263	0	93.0	149.438133285836	136.57316108506933	646
ST20110559	9368526	0	9368526	1	4675330	4693196	8653361	8644006	715165	8599226	9331540	0	193566	0	702	1405278900	701299500	703979400	1298004150	1296140137	0	0	3155528	2.434558e-03	150	150	150	150	150	150	37.9	315.1	145.1	4206207	114488	1308	0	91.8	446.5299830945777	197.92311507071634	403
ST20110560_S1_L001	1880219	0	1880219	1	941584	938635	1699546	1630604	180673	1627128	1797825	0	11555	0	205	470054750	235396000	234658750	424886500	424262293	0	0	8841911	2.084067e-02	250	250	250	250	250	250	36.5	337.3	65.3	786909	27578	815	0	86.5	146.1020051202035	52.69415899245854	760
ST20110562_S1_L001	819310	0	819310	1	410743	408567	599472	577234	219838	574040	793233	0	3286	0	149	204827500	102685750	102141750	149868000	149212097	0	0	3120311	2.091192e-02	250	250	250	250	250	250	36.1	274.0	27.0	246368	42233	16	0	70.1	51.38253212013013	21.676959231482204	704
ST20111348	9876662	0	9876662	1	4930064	4946598	9508524	9500020	368138	9452980	9859482	0	208685	0	689	1481499300	739509600	741989700	1426278600	1424873838	0	0	3365553	2.362001e-03	150	150	150	150	150	150	37.9	326.5	143.4	4663739	84783	1488	0	95.7	490.8799387725361	225.70159106166435	283
ST20111367	2685173	0	2685173	1	1334280	1350893	2462173	2430598	223000	2416454	2647944	0	52288	0	214	402775950	200142000	202633950	369325950	368536777	0	0	6639410	1.801560e-02	150	150	150	150	150	150	37.8	335.1	165.9	1181260	32767	1272	0	90.0	126.9377162486706	73.33375279423664	687
ST20111370	10602777	0	10602777	1	5290908	5311869	10023179	9985376	579598	9931692	10536955	0	167621	0	731	1590416550	793636200	796780350	1503476850	1500862030	0	0	27807326	1.852757e-02	150	150	150	150	150	150	38.0	325.5	144.8	4891933	97585	3170	0	93.7	516.9609514717571	281.07779183446377	635
ST20111371	3685616	0	3685616	1	1830617	1854999	3252457	3223254	433159	3196742	3643401	0	64422	0	304	552842400	274592550	278249850	487868550	486747312	0	0	8448635	1.735733e-02	150	150	150	150	150	150	37.9	310.6	147.8	1560328	50276	1023	0	86.7	167.65832994271724	96.74026175412438	624
ST20111372_S1_L001	1358004	0	1358004	1	680588	677416	1195194	1156458	162810	1155938	1313725	0	8993	0	197	339501000	170147000	169354000	298798500	298080513	0	0	6266018	2.102123e-02	250	250	250	250	250	250	36.5	310.7	52.8	536879	41286	64	0	85.1	102.64668011888574	41.92546058738354	1081
ST20111452_S1_L001	883923	0	883923	1	442873	441050	752070	727536	131853	725162	855901	0	6210	0	142	220980750	110718250	110262500	188017500	187350161	0	0	3940590	2.103329e-02	250	250	250	250	250	250	36.4	279.4	26.8	322357	41389	22	0	82.0	64.51527120851893	26.77702065739274	528
ST20111792	6442329	0	6442329	1	3218027	3224302	5998502	5963984	443827	5927756	6388199	0	104507	0	511	966349350	482704050	483645300	899775300	898296280	0	0	16053302	1.787083e-02	150	150	150	150	150	150	38.7	343.9	162.2	2926645	53274	2073	0	92.0	309.4114618556552	179.80201400849913	846
ST20112206	5059752	0	5059752	1	2512245	2547507	4993871	4981110	65881	4965656	5049333	0	102021	0	308	758962800	376836750	382126050	749080650	748527639	0	0	1890791	2.526014e-03	150	150	150	150	150	150	37.7	348.3	148.4	2457925	31897	733	0	98.1	257.8732372385077	126.04955103281164	210
ST20112208	7459996	0	7459996	1	3727478	3732518	6939064	6899784	520932	6862250	7393901	0	120264	0	514	1118999400	559121700	559877700	1040859600	1039479578	0	0	18688656	1.797886e-02	150	150	150	150	150	150	38.7	388.2	182.5	3406735	40113	3044	0	92.0	358.03743205704916	188.98238725327417	764
ST20112212	6721293	0	6721293	1	3357613	3363680	6630140	6623126	91153	6567776	6710707	0	169153	0	429	1008193950	503641950	504552000	994521000	992980425	0	0	2049669	2.064158e-03	150	150	150	150	150	150	38.8	333.5	170.2	3213170	96795	1598	0	97.7	342.0850614565673	169.77829571082978	1198
ST20112213	3226028	0	3226028	1	1603336	1622692	3094252	3082824	131776	3069678	3212836	0	69254	0	211	483904200	240500400	243403800	464137800	463523479	0	0	1166183	2.515909e-03	150	150	150	150	150	150	37.8	333.4	159.2	1502641	37916	855	0	95.2	159.68583992594273	99.74527875684642	363
ST20112215	5210903	0	5210903	1	2603289	2607614	4668636	4642170	542267	4578376	5173259	0	87449	0	366	781635450	390493350	391142100	700295400	698601985	0	0	11710715	1.676307e-02	150	150	150	150	150	150	38.7	311.4	154.5	2241781	77890	1414	0	87.9	240.63262419215198	132.4539329096701	541
ST20112222	6844327	0	6844327	1	3419414	3424913	6424056	6393016	420271	6350700	6797684	0	95793	0	458	1026649050	512912100	513736950	963608400	962158956	0	0	16209675	1.684719e-02	150	150	150	150	150	150	38.8	358.8	174.4	3142635	51840	2033	0	92.8	331.4096138694055	173.4034264609695	611
ST20112455	5479620	0	5479620	1	2737777	2741843	4937915	4906806	541705	4860390	5434771	0	93948	0	399	821943000	410666550	411276450	740687250	739066707	0	0	13144382	1.778511e-02	150	150	150	150	150	150	38.7	336.9	173.8	2381155	70329	1919	0	88.7	254.56621313372509	147.64025649808903	719
ST20120204_S1_L001	768464	0	768464	1	385140	383324	555048	536362	213416	532282	747083	0	4481	0	105	192116000	96285000	95831000	138762000	138015965	0	0	2835836	2.054716e-02	250	250	250	250	250	250	36.3	264.3	17.9	224657	43508	16	0	69.3	47.52756596714898	16.93031388153823	621
ST20120205	8053099	0	8053099	1	4020723	4032376	7824177	7816132	228922	7797334	8037192	0	169877	0	349	1207964850	603108450	604856400	1173626550	1173094445	0	0	2039460	1.738530e-03	150	150	150	150	150	150	38.5	404.1	162.4	3878466	28727	873	0	96.8	404.13687052968373	194.24521300363327	166
ST20120206_S1_L001	1377722	0	1377722	1	690677	687045	1213554	1173386	164168	1172680	1331795	0	8022	0	151	344430500	172669250	171761250	303388500	302753208	0	0	6337846	2.093403e-02	250	250	250	250	250	250	36.5	328.2	63.7	554512	32056	125	0	85.1	104.25904812171353	35.11661377324625	563
ST20120207	5446802	0	5446802	1	2721868	2724934	4937096	4907336	509706	4852002	5405449	0	92664	0	411	817020300	408280200	408740100	740564400	738816172	0	0	12998990	1.759435e-02	150	150	150	150	150	150	38.8	314.3	155.8	2373386	78744	1538	0	89.1	254.47935502385948	141.5769591515794	606
ST20120208	3417541	0	3417541	1	1696004	1721537	3300163	3290100	117378	3259828	3399893	0	74568	0	283	512631150	254400600	258230550	495024450	494088771	0	0	1092315	2.210767e-03	150	150	150	150	150	150	37.9	303.0	143.8	1586182	58404	464	0	95.4	170.21633772810003	88.35665507836869	270
ST20120211_S1_L001	1424681	0	1424681	1	713263	711418	1260616	1212626	164065	1210640	1368616	0	9073	0	197	356170250	178315750	177854500	315154000	314449956	0	0	6586019	2.094457e-02	250	250	250	250	250	250	36.4	327.6	66.5	570415	35477	421	0	85.0	108.28404933613402	40.86509891286399	721
